{"cameraMode":{"drawMode":0,"name":"Shaded","section":"Shading Mode"},"sceneLighting":true,"audioPlay":false,"sceneViewState":{"showFog":true,"showMaterialUpdate":false,"showSkybox":true,"showFlares":true,"showImageEffects":true,"showParticleSystems":true,"showVisualEffectGraphs":true,"m_FxEnabled":true},"in2DMode":false,"pivot":{"x":-12.799664497375489,"y":2.4176154136657717,"z":-11.182509422302246},"rotation":{"x":0.24346454441547395,"y":0.11779720336198807,"z":-0.029806213453412057,"w":0.9622741341590881},"size":6.385559558868408,"orthographic":false}