{"cameraMode":{"drawMode":0,"name":"Shaded","section":"Shading Mode"},"sceneLighting":false,"audioPlay":false,"sceneViewState":{"showFog":true,"showMaterialUpdate":false,"showSkybox":false,"showFlares":true,"showImageEffects":true,"showParticleSystems":true,"showVisualEffectGraphs":true,"m_FxEnabled":true},"in2DMode":false,"pivot":{"x":-0.6507406830787659,"y":2.5779330730438234,"z":0.21592235565185548},"rotation":{"x":0.07818648964166641,"y":0.033202074468135837,"z":-0.002605279441922903,"w":0.996383786201477},"size":2.045753240585327,"orthographic":false}